Investigation_Month,Facility,Product,Consumption,Range,Anomaly_Code,High_Low_Breach,X_Rank,R_Rank,Exemption_Status,Exemption_Code,Exemption_Period_Start,Exemption_Period_End,Outlier,Q1,Q3,Outlier_Upper,Outlier_Lower,X_Bar,R_Bar,X_UCL,X_LCL,R_UCL,Total_Month_Obs,Total_Non_Zero_Month_Obs,Total_Valid_Obs_Last_6M,Total_Valid_Obs_Year_Prior
12/1/2021,Facility 136,Product 279,9300,,X,X_High,47.5,,N,,,,0,2900,6350,11525,0,4551.724138,1448.148148,8403.181979,700.2662971,4731.1,19,19,5,3
12/1/2021,Facility 136,Product 279,9300,0,X,X_High,47.5,,N,,,,0,2900,6350,11525,0,4551.724138,1448.148148,8403.181979,700.2662971,4731.1,19,19,5,3
12/1/2021,Facility 513,Product 279,500,200,X,X_Low,78.5,,N,,,,0,750,2000,3875,0,1503.225806,343.3333333,2416.346374,590.1052391,1121.67,20,20,6,3
12/1/2021,Facility 513,Product 279,500,0,X,X_Low,78.5,,N,,,,0,750,2000,3875,0,1503.225806,343.3333333,2416.346374,590.1052391,1121.67,20,20,6,3
12/1/2021,Facility 615,Product 279,5400,700,X,X_High,19.5,,N,,,,0,1400,3000,5400,0,2336.666667,596.4285714,3922.912867,750.4204661,1948.532143,19,19,6,3
12/1/2021,Facility 615,Product 279,5400,0,X,X_High,19.5,,N,,,,0,1400,3000,5400,0,2336.666667,596.4285714,3922.912867,750.4204661,1948.532143,19,19,6,3
12/1/2021,Facility 370,Product 279,3600,800,X,X_High,30.5,,N,,,,1,1300,1900,2800,400,1674.193548,500,3003.980782,344.4063143,1633.5,20,20,6,3
12/1/2021,Facility 370,Product 279,3600,,X,X_High,30.5,,N,,,,1,1300,1900,2800,400,1674.193548,500,3003.980782,344.4063143,1633.5,20,20,6,3
